FFNN_AVE,FFNN_STD
0.6091942104005231,0.007425396919804573
