FFNN_AVE,FFNN_STD
0.6084345322997647,0.007008793244744472
