FFNN_AVE,FFNN_STD
0.8957747490057395,0.006163073770226511
