ID,FFNN_AVE,FFNN_STD
1,0.9999866665155095,2.6666968981192696e-05
2,1.0,0.0
3,0.9770877483538891,0.0009604108900095801
4,0.8377586385018002,0.0013673852725659575
5,0.6727679799079616,0.0009780095189875653
6,0.4869735083948442,0.009026059408281387
7,1.0,0.0
8,1.0,0.0
9,1.0,0.0
10,1.0,0.0
11,1.0,0.0
12,0.966247454191846,0.003335391369046978
13,0.7951110664488633,0.0035274732571918526
14,0.9675511185832886,0.0009829072676927324
