ID,FFNN_AVE,FFNN_STD
1,1.0,0.0
2,1.0,0.0
3,0.9777064435733877,0.0003648590444674299
4,0.8409586383434595,0.002417174715144091
5,0.6783253419232116,0.003331241281636425
6,0.49934027309009343,0.0015547263434006343
7,1.0,0.0
8,1.0,0.0
9,1.0,0.0
10,1.0,0.0
11,1.0,0.0
12,0.9646399126014327,0.001346300163529186
13,0.7967117158850835,0.003067275092548036
14,0.9615647665060987,0.002996951243161391
