ID,FFNN_AVE,FFNN_STD
1,0.9999733330186629,5.333396267408475e-05
2,0.9999771426587412,2.79944114804412e-05
3,0.9770877552720828,0.0013599992399504158
4,0.8397300784949039,0.0014083420656110883
5,0.6765380517183625,0.0032912820155907006
6,0.49818143226041156,0.0030541214427961135
7,1.0,0.0
8,1.0,0.0
9,0.9999599999904,8.000001920001054e-05
10,1.0,0.0
11,1.0,0.0
12,0.9675333486538051,0.0009267904733621897
13,0.8079275773313233,0.00202344633312372
14,0.9679132241630407,0.0020088049306617364
