ID,FFNN_AVE,FFNN_STD
1,1.0,0.0
2,0.9999771426604391,2.7994409400854845e-05
3,0.9773650761006941,0.0005992267881398741
4,0.8398846251464522,0.0019834063724540186
5,0.6766094520327235,0.0012484128536043308
6,0.4996240975131099,0.0018306742181547124
7,1.0,0.0
8,0.9990800006495991,0.0012623774379755938
9,1.0,0.0
10,1.0,0.0
11,1.0,0.0
12,0.9693547107214349,0.0014672900028715452
13,0.8115958588808405,0.0018303035548913528
14,0.9679391145098803,0.00209708702239435
