ID,FFNN_AVE,FFNN_STD
1,1.0,0.0
2,1.0,0.0
3,0.9782397745291543,0.0006754556003640273
4,0.841485066116093,0.0014727571808162906
5,0.6788229494539563,0.0009607169933447301
6,0.5010238035679853,0.0011834918369557975
7,1.0,0.0
8,1.0,0.0
9,1.0,0.0
10,1.0,0.0
11,1.0,0.0
12,0.9672117568119039,0.002235318069806738
13,0.8048946648028972,0.002316446461595612
14,0.9634108769119724,0.0016844074576081597
