ID,FFNN_AVE,FFNN_STD
1,1.0,0.0
2,1.0,0.0
3,0.977855769942407,0.001406404963949784
4,0.8393380147963164,0.002392236027988491
5,0.6766078988234375,0.00180666109674727
6,0.4973345052494529,0.00137430664120426
7,1.0,0.0
8,1.0,0.0
9,1.0,0.0
10,1.0,0.0
11,1.0,0.0
12,0.9607466545229377,0.0016425653621956007
13,0.7873113885399923,0.00482341269195831
14,0.9568708688767229,0.0025599546518489235
