ID,FFNN_AVE,FFNN_STD
1,1.0,0.0
2,1.0,0.0
3,0.9775144180630215,0.0017619666102759925
4,0.8371702298636461,0.0040013057048788785
5,0.676131937711797,0.0005934521456202876
6,0.4897255364737675,0.004609158972593601
7,1.0,0.0
8,1.0,0.0
9,1.0,0.0
10,1.0,0.0
11,1.0,0.0
12,0.9613185632725807,0.002106128620507875
13,0.7840620717875807,0.005500807153185403
14,0.964675739139636,0.0026929625536069525
