ID,FFNN_AVE,FFNN_STD
1,1.0,0.0
2,1.0,0.0
3,0.9778984186346633,0.0007007706045735569
4,0.8410823482843381,0.0010967369859616397
5,0.6785999392396374,0.005219012538684418
6,0.5007732549679017,0.0017494224390951403
7,1.0,0.0
8,1.0,0.0
9,0.9999599999968,8.000000639998285e-05
10,1.0,0.0
11,1.0,0.0
12,0.9675336341348629,0.0020898305382880166
13,0.8088947533247322,0.002904346426401998
14,0.96847321947377,0.0010464413289589195
