ID,FFNN_AVE,FFNN_STD
1,1.0,0.0
2,0.9999885713315256,2.2857336948600703e-05
3,0.9778664369769918,0.0007443780615357863
4,0.8406280400390573,0.001719587669201703
5,0.6783470029397684,0.002356707775504186
6,0.5003079911048397,0.0020269371666015853
7,1.0,0.0
8,1.0,0.0
9,1.0,0.0
10,1.0,0.0
11,1.0,0.0
12,0.9670333890267653,0.0013203877623577855
13,0.8014784181436043,0.003570885710699679
14,0.9678098185438092,0.0026373781816795053
