ID,FFNN_AVE,FFNN_STD
1,1.0,0.0
2,1.0,0.0
3,0.9780051009723442,0.00039133607875498164
4,0.8413198359174802,0.002160129819438257
5,0.678409284777101,0.0033134283516225325
6,0.500045437579556,0.002383798877404247
7,0.9999599999968,8.000000639998285e-05
8,1.0,0.0
9,1.0,0.0
10,1.0,0.0
11,0.9999166643771072,0.00016667124578551018
12,0.9682122802862736,0.002284359713365764
13,0.8096622326497783,0.0017666723850765943
14,0.968314388812128,0.0016842089116334731
