ID,FFNN_AVE,FFNN_STD
1,0.9999333324833225,0.00013333503335499763
2,1.0,0.0
3,0.9773330475471266,0.0003976720361287659
4,0.8397821070965723,0.0021007991595709172
5,0.6779304986732232,0.0018686469737431981
6,0.49920067134623236,0.0008956004474972312
7,1.0,0.0
8,0.9999599999968,8.000000639998285e-05
9,1.0,0.0
10,1.0,0.0
11,1.0,0.0
12,0.9686766269464286,0.0022293796356364485
13,0.8111116620204839,0.004734163579434618
14,0.9676553834300172,0.0013300121903180944
