ID,FFNN_AVE,FFNN_STD
1,1.0,0.0
2,1.0,0.0
3,0.9776637587923652,0.0005668680778592947
4,0.8391005074987288,0.0014866003140177842
5,0.6754609823972195,0.0006311475614062622
6,0.49362652693478937,0.0028001307636412198
7,1.0,0.0
8,1.0,0.0
9,1.0,0.0
10,1.0,0.0
11,1.0,0.0
12,0.9618542498259103,0.002665223579366172
13,0.7851445706856003,0.002162509447822758
14,0.9647826892011228,0.0017998312443338012
