ID,FFNN_AVE,FFNN_STD
1,1.0,0.0
2,1.0,0.0
3,0.977930424327042,0.0004517822898773234
4,0.8412371046013838,0.0018004222899888993
5,0.6781951302317331,0.002000859179789923
6,0.5006816267368126,0.0013702450173579126
7,1.0,0.0
8,1.0,0.0
9,0.9998799999519999,0.00024000009600002594
10,1.0,0.0
11,1.0,0.0
12,0.967319215068659,0.0010594978420715175
13,0.8085289343249216,0.002089000178658175
14,0.9677095807441166,0.0020832321225467323
