ID,FFNN_AVE,FFNN_STD
1,1.0,0.0
2,1.0,0.0
3,0.9778664226584682,0.0005480457706329153
4,0.8402981176082791,0.0019820488485458674
5,0.6773705716257373,0.0029483726887523567
6,0.49985460205171284,0.0013275969800295349
7,1.0,0.0
8,1.0,0.0
9,1.0,0.0
10,1.0,0.0
11,1.0,0.0
12,0.9671764896950419,0.00351698429458093
13,0.8069964869055417,0.0035626626489286824
14,0.9676568502361235,0.0010479150199423676
