ID,FFNN_AVE,FFNN_STD
1,0.9994666656604426,0.0010666686791148906
2,0.9999428566848942,0.00011428663021142426
3,0.977183751850181,0.0009319927172727714
4,0.8391618245368498,0.0017391910896942726
5,0.6777978542964852,0.0030998066230718854
6,0.498806600876563,0.0020976260382474417
7,1.0,0.0
8,1.0,0.0
9,1.0,0.0
10,1.0,0.0
11,1.0,0.0
12,0.967604633798733,0.0033830992920325814
13,0.8091618585698306,0.0025405549030328035
14,0.96870304525562,0.0013517604763538299
