ID,FFNN_AVE,FFNN_STD
1,1.0,0.0
2,1.0,0.0
3,0.9783037548950844,0.0008556241969238941
4,0.8412579723587712,0.003035411521862219
5,0.6797170529083071,0.0026020043125909056
6,0.5018901338136292,0.00212204847309721
7,1.0,0.0
8,1.0,0.0
9,1.0,0.0
10,1.0,0.0
11,1.0,0.0
12,0.9676405582092894,0.002454713923554917
13,0.8100452569073141,0.001981549007419582
14,0.9659718113399967,0.0024691308092739104
