ID,FFNN_AVE,FFNN_STD
1,1.0,0.0
2,1.0,0.0
3,0.9769704213521966,0.00042317001474049594
4,0.8388113905502312,0.002074278598242241
5,0.6739474243696574,0.0016111453800853148
6,0.4867630908712508,0.0036828925989241916
7,1.0,0.0
8,1.0,0.0
9,1.0,0.0
10,1.0,0.0
11,1.0,0.0
12,0.967069225252865,0.0028789769346173055
13,0.7981283975625892,0.0030420027008442032
14,0.9680241444131695,0.0017120705620442352
