ID,FFNN_AVE,FFNN_STD
1,1.0,0.0
2,0.9999885713260073,2.285734798550543e-05
3,0.9781117632724611,0.0009901097733668273
4,0.8411956576899431,0.003751270000452512
5,0.6791078383332423,0.0026951237803132925
6,0.5009130396210674,0.0025573266213106387
7,1.0,0.0
8,1.0,0.0
9,1.0,0.0
10,1.0,0.0
11,1.0,0.0
12,0.9683550294446516,0.0024545429831021614
13,0.80977775199483,0.0012613246474015459
14,0.9663377183257144,0.0018493072981549089
