ID,FFNN_AVE,FFNN_STD
1,1.0,0.0
2,1.0,0.0
3,0.9779731047671602,0.0006192207262025061
4,0.8400916286252718,0.0013718519050184392
5,0.6776136940200778,0.002223406944182487
6,0.49728417247694556,0.0029690162547588886
7,1.0,0.0
8,1.0,0.0
9,1.0,0.0
10,1.0,0.0
11,1.0,0.0
12,0.9595682829770954,0.004611196421621692
13,0.7892113211792605,0.005007462478985368
14,0.9581607568459578,0.0038646744580113565
