ID,FFNN_AVE,FFNN_STD
1,1.0,0.0
2,1.0,0.0
3,0.9778237611334747,0.0004996322291452066
4,0.8404115181604801,0.0015960143835595424
5,0.6779604953735122,0.0027389472160629573
6,0.4999967158640558,0.001924728636978443
7,1.0,0.0
8,1.0,0.0
9,1.0,0.0
10,1.0,0.0
11,1.0,0.0
12,0.9666045870541033,0.002035396618291434
13,0.8006116662790053,0.005471504786428575
14,0.9668619328458818,0.0025604787801383772
