ID,FFNN_AVE,FFNN_STD
1,1.0,0.0
2,1.0,0.0
3,0.9778344382255157,0.00083963312543155
4,0.8415365978255009,0.0016830480313385192
5,0.6779898250156602,0.004010159658552895
6,0.49965244411144105,0.0011164359130896226
7,1.0,0.0
8,1.0,0.0
9,1.0,0.0
10,1.0,0.0
11,1.0,0.0
12,0.9653903532924296,0.004496924034019706
13,0.7988436813475187,0.004662282961961714
14,0.9617755164823167,0.001080312322430205
