ID,FFNN_AVE,FFNN_STD
1,1.0,0.0
2,1.0,0.0
3,0.9781757707182261,0.0007102689270754948
4,0.8414127359857704,0.002642522656828408
5,0.6789654016632626,0.002563868856426192
6,0.5008524994138127,0.0022032575901924
7,1.0,0.0
8,1.0,0.0
9,1.0,0.0
10,1.0,0.0
11,1.0,0.0
12,0.9670691912262939,0.0013995990921868355
13,0.8048441747698598,0.0032700406309944924
14,0.9638312423980435,0.0012596485129472324
