ID,FFNN_AVE,FFNN_STD
1,1.0,0.0
2,1.0,0.0
3,0.9779091026666549,0.0009614338099433133
4,0.8412785627828556,0.0018930223888624321
5,0.6793823538013208,0.002283747512902873
6,0.5017289867801209,0.00219167137147824
7,1.0,0.0
8,1.0,0.0
9,1.0,0.0
10,1.0,0.0
11,1.0,0.0
12,0.9679262508765761,0.0014138279586264025
13,0.8077278703362001,0.002942308912998262
14,0.9651728473819091,0.0028091237235456524
