ID,FFNN_AVE,FFNN_STD
1,1.0,0.0
2,1.0,0.0
3,0.9762984139492772,0.0007791847081650485
4,0.8066770602843679,0.0021787453329267297
5,0.5946814034110142,0.014977971140829884
6,0.38039023227430996,0.011997186965796667
7,1.0,0.0
8,1.0,0.0
9,1.0,0.0
10,1.0,0.0
11,1.0,0.0
12,0.9580688900853545,0.0031352663944248004
13,0.7683104423867367,0.006298000111830761
14,0.966182248062917,0.002962723117908127
