ID,FFNN_AVE,FFNN_STD
1,1.0,0.0
2,1.0,0.0
3,0.9780050873475631,0.000823908975516003
4,0.8417635904951656,0.0023804606841655155
5,0.6794131137183252,0.0007736088074685439
6,0.5011957706624954,0.001347184101242286
7,1.0,0.0
8,1.0,0.0
9,1.0,0.0
10,1.0,0.0
11,1.0,0.0
12,0.96774771862407,0.0019255290458361832
13,0.807878178816406,0.0010358477739290748
14,0.9658643346919126,0.0011920631116751595
