ID,FFNN_AVE,FFNN_STD
1,1.0,0.0
2,1.0,0.0
3,0.9774610929699901,0.0006675028744988088
4,0.839832923161049,0.0014343144578226625
5,0.6778184214709378,0.00365316773345998
6,0.49870542373326143,0.00217993941158657
7,1.0,0.0
8,1.0,0.0
9,1.0,0.0
10,1.0,0.0
11,1.0,0.0
12,0.9673198952713413,0.0015968464738972201
13,0.8064285477815403,0.005546302065306673
14,0.967340138809576,0.001967014132088403
