ID,FFNN_AVE,FFNN_STD
1,0.9999466660312812,0.00010666793743734359
2,0.9999885713283255,2.285734334868117e-05
3,0.977482438511499,0.000868152521907956
4,0.840411089485451,0.003388266816629949
5,0.6785290952500054,0.001754754929119107
6,0.5007935811209647,0.0014754108112594554
7,1.0,0.0
8,1.0,0.0
9,1.0,0.0
10,1.0,0.0
11,1.0,0.0
12,0.9680693778738274,0.001434711515531867
13,0.8098440795266587,0.0018091404574468366
14,0.9677333867122216,0.0011348026637312866
