ID,FFNN_AVE,FFNN_STD
1,1.0,0.0
2,1.0,0.0
3,0.9766610780358895,0.0008767608556969423
4,0.804147413365668,0.008136680804655825
5,0.5826341912521309,0.018502828360146373
6,0.36907348162651277,0.017677735782772562
7,1.0,0.0
8,1.0,0.0
9,1.0,0.0
10,1.0,0.0
11,1.0,0.0
12,0.9563539089649351,0.004505778581425822
13,0.7641934727039281,0.007639633009807907
14,0.9657301562531263,0.0016829462342355629
